a.Budget.AlwaysTickFalloffAggression,0.8,Scalability
a.Budget.BudgetFactorBeforeAggressiveReducedWork,2,Scalability
a.Budget.BudgetFactorBeforeReducedWork,1.5,Scalability
a.Budget.BudgetFactorBeforeReducedWorkEpsilon,0,Scalability
a.Budget.BudgetMs,2,Scalability
a.Budget.BudgetPressureSmoothingSpeed,3,Scalability
a.Budget.GBudgetPressureBeforeEmergencyReducedWork,2.5,Scalability
a.Budget.InterpolationFalloffAggression,0.5,Scalability
a.Budget.InterpolationMaxRate,6,Scalability
a.Budget.InterpolationTickMultiplier,0.6,Scalability
a.Budget.MaxInterpolatedComponents,14,Scalability
a.Budget.MaxTickedOffsreen,4,Scalability
a.Budget.MinQuality,0,Scalability
a.Budget.ReducedWorkThrottleMaxInFrames,16,Scalability
a.Budget.ReducedWorkThrottleMaxPerFrame,6,Scalability
a.Budget.ReducedWorkThrottleMinInFrames,2,Scalability
a.Budget.WorkUnitSmoothingSpeed,6,Scalability
Altar.Character.HeadAnimationLOD,2,Scalability
foliage.CullDistanceScale,1,Scalability
foliage.DensityScale,0.8,Scalability
fx.Niagara.QualityLevel,2,Scalability
grass.CullDistanceScale,1,Scalability
grass.densityScale,0.8,Scalability
r.AmbientOcclusionLevels,-1,Scalability
r.AmbientOcclusionMaxQuality,30,Scalability
r.AmbientOcclusionMipLevelFactor,0.6,Scalability
r.AmbientOcclusionRadiusScale,1.5,Scalability
r.AnisotropicMaterials,1,Scalability
r.AOQuality,1,Scalability
r.Bloom.ScreenPercentage,50,Scalability
r.BloomQuality,5,Scalability
r.CapsuleShadows,1,Scalability
r.DepthOfFieldQuality,2,Scalability
r.DetailMode,1,Scalability
r.DFShadowQuality,2,Scalability
r.DistanceFieldAO,1,Scalability
r.DistanceFieldShadowing,1,Scalability
r.DOF.Gather.AccumulatorQuality,0,Scalability
r.DOF.Gather.EnableBokehSettings,0,Scalability
r.DOF.Gather.PostfilterMethod,2,Scalability
r.DOF.Gather.ResolutionDivisor,2,Scalability
r.DOF.Gather.RingCount,4,Scalability
r.DOF.Kernel.MaxBackgroundRadius,0.012,Scalability
r.DOF.Kernel.MaxForegroundRadius,0.012,Scalability
r.DOF.Recombine.EnableBokehSettings,0,Scalability
r.DOF.Recombine.Quality,0,Scalability
r.DOF.Scatter.BackgroundCompositing,1,Scalability
r.DOF.Scatter.EnableBokehSettings,0,Scalability
r.DOF.Scatter.ForegroundCompositing,1,Scalability
r.DOF.Scatter.MaxSpriteRatio,0.04,Scalability
r.DOF.TemporalAAQuality,0,Scalability
r.EmitterSpawnRateScale,0.5,Scalability
r.EyeAdaptationQuality,2,Scalability
r.FastBlurThreshold,3,Scalability
r.Filter.SizeScale,0.8,Scalability
r.FXAA.Quality,0,Scalability
r.HairStrands.SkyAO.SampleCount,4,Scalability
r.HairStrands.SkyLighting.IntegrationType,2,Scalability
r.HairStrands.Strands,0,Scalability
r.HairStrands.Visibility.MSAA.SamplePerPixel,4,Scalability
r.LensFlareQuality,2,Scalability
r.LightFunctionQuality,1,Scalability
r.LightMaxDrawDistanceScale,1,Scalability
r.LightShaftQuality,1,Scalability
r.Lumen.DiffuseIndirect.Allow,1,Scalability
r.Lumen.DiffuseIndirect.SSAO,1,Scalability
r.Lumen.Reflections.Allow,1,Scalability
r.Lumen.Reflections.DownsampleFactor,2,Scalability
r.Lumen.Reflections.MaxRoughnessToTraceForFoliage,0.2,Scalability
r.Lumen.Reflections.ScreenSpaceReconstruction.TonemapStrength,1,Scalability
r.Lumen.ScreenProbeGather.DownsampleFactor,32,Scalability
r.Lumen.ScreenProbeGather.FullResolutionJitterWidth,1,Scalability
r.Lumen.ScreenProbeGather.IrradianceFormat,1,Scalability
r.Lumen.ScreenProbeGather.RadianceCache.NumProbesToTraceBudget,300,Scalability
r.Lumen.ScreenProbeGather.RadianceCache.ProbeResolution,32,Scalability
r.Lumen.ScreenProbeGather.ScreenTraces.HZBTraversal.FullResDepth,0,Scalability
r.Lumen.ScreenProbeGather.ShortRangeAO,0,Scalability
r.Lumen.ScreenProbeGather.StochasticInterpolation,1,Scalability
r.Lumen.ScreenProbeGather.TracingOctahedronResolution,8,Scalability
r.Lumen.ScreenProbeGather.TwoSidedFoliageBackfaceDiffuse,0,Scalability
r.Lumen.TraceMeshSDFs.Allow,1,Scalability
r.Lumen.TranslucencyReflections.FrontLayer.Allow,0,Scalability
r.Lumen.TranslucencyReflections.FrontLayer.Enable,0,Scalability
r.Lumen.TranslucencyVolume.GridPixelSize,64,Scalability
r.Lumen.TranslucencyVolume.RadianceCache.NumProbesToTraceBudget,200,Scalability
r.Lumen.TranslucencyVolume.RadianceCache.ProbeResolution,8,Scalability
r.Lumen.TranslucencyVolume.TraceFromVolume,0,Scalability
r.Lumen.TranslucencyVolume.TracingOctahedronResolution,3,Scalability
r.LumenScene.FarField,1,Scalability
r.LumenScene.Radiosity.HemisphereProbeResolution,3,Scalability
r.LumenScene.Radiosity.ProbeSpacing,8,Scalability
r.MaterialQualityLevel,1,Scalability
r.MaxAnisotropy,4,Scalability
r.MotionBlur.HalfResGather,0,Scalability
r.Nanite.MaxPixelsPerEdge,1.5,Scalability
r.Nanite.PrimaryRaster.TimeBudgetMs,0,Scalability
r.Nanite.ShadowRaster.TimeBudgetMs,0,Scalability
r.Nanite.ViewMeshLODBias.Min,-0.4151,Scalability
r.ParticleLightQuality,1,Scalability
r.PostProcessing.QuarterResolutionDownsample,0,Scalability
r.Refraction.OffsetQuality,1,Scalability
r.RefractionQuality,2,Scalability
r.RenderTargetPoolMin,400,Scalability
r.SceneColorFormat,4,Scalability
r.SceneColorFringeQuality,1,Scalability
r.ScreenPercentage,100,Scalability
r.Shadow.CSM.MaxCascades,4,Scalability
r.Shadow.CSM.TransitionScale,0.8,Scalability
r.Shadow.DistanceScale,0.85,Scalability
r.Shadow.MaxCSMResolution,2048,Scalability
r.Shadow.MaxResolution,1024,Scalability
r.Shadow.PreShadowResolutionFactor,0.5,Scalability
r.Shadow.RadiusThreshold,0.04,Scalability
r.Shadow.Virtual.MaxPhysicalPages,2048,Scalability
r.Shadow.Virtual.NormalBias,1,Scalability
r.Shadow.Virtual.ResolutionLodBiasDirectional,-0.5,Scalability
r.Shadow.Virtual.ResolutionLodBiasDirectionalMoving,-0.5,Scalability
r.Shadow.Virtual.ResolutionLodBiasLocal,0,Scalability
r.Shadow.Virtual.ResolutionLodBiasLocalMoving,1,Scalability
r.Shadow.Virtual.SMRT.RayCountDirectional,8,Scalability
r.Shadow.Virtual.SMRT.RayCountLocal,8,Scalability
r.Shadow.Virtual.SMRT.SamplesPerRayDirectional,4,Scalability
r.Shadow.Virtual.SMRT.SamplesPerRayLocal,4,Scalability
r.ShadowQuality,3,Scalability
r.SkeletalMeshLODBias,0,Scalability
r.SkyAtmosphere.AerialPerspectiveLUT.DepthResolution,16,Scalability
r.SkyAtmosphere.AerialPerspectiveLUT.FastApplyOnOpaque,1,Scalability
r.SkyAtmosphere.AerialPerspectiveLUT.SampleCountMaxPerSlice,2,Scalability
r.SkyAtmosphere.FastSkyLUT,1,Scalability
r.SkyAtmosphere.FastSkyLUT.SampleCountMax,64,Scalability
r.SkyAtmosphere.FastSkyLUT.SampleCountMin,4,Scalability
r.SkyAtmosphere.MultiScatteringLUT.SampleCount,15,Scalability
r.SkyAtmosphere.SampleCountMax,64,Scalability
r.SkyAtmosphere.SampleCountMin,4,Scalability
r.SkyAtmosphere.TransmittanceLUT.SampleCount,10,Scalability
r.SkyAtmosphere.TransmittanceLUT.UseSmallFormat,0,Scalability
r.SkyLight.RealTimeReflectionCapture,1,Scalability
r.SSGI.Quality,2,Scalability
r.SSR.HalfResSceneColor,1,Scalability
r.SSR.Quality,2,Scalability
r.SSS.HalfRes,1,Scalability
r.SSS.Quality,-1,Scalability
r.SSS.SampleSet,1,Scalability
r.SSS.Scale,1,Scalability
r.Streaming.AmortizeCPUToGPUCopy,0,Scalability
r.Streaming.Boost,1,Scalability
r.Streaming.LimitPoolSizeToVRAM,0,Scalability
r.Streaming.MaxEffectiveScreenSize,0,Scalability
r.Streaming.MaxNumTexturesToStreamPerFrame,0,Scalability
r.Streaming.MipBias,0,Scalability
r.Streaming.PoolSize,1500,Scalability
r.TemporalAA.Quality,0,Scalability
r.Tonemapper.Quality,3,Scalability
r.TranslucencyLightingVolumeDim,48,Scalability
r.TranslucencyVolumeBlur,1,Scalability
r.TSR.History.R11G11B10,1,Scalability
r.TSR.History.ScreenPercentage,100,Scalability
r.TSR.History.UpdateQuality,0,Scalability
r.TSR.RejectionAntiAliasingQuality,0,Scalability
r.TSR.ShadingRejection.Flickering,0,Scalability
r.TSR.ShadingRejection.TileOverscan,2,Scalability
r.TSR.Velocity.Extrapolation,0,Scalability
r.Upscale.Quality,2,Scalability
r.ViewDistanceScale,0.8,Scalability
r.VolumetricCloud.Shadow.ViewRaySampleMaxCount,5,Scalability
r.VolumetricFog,1,Scalability
r.VolumetricFog.DepthDistributionScale,24,Scalability
r.VolumetricFog.GridPixelSize,16,Scalability
r.VolumetricFog.GridSizeZ,64,Scalability
r.VolumetricFog.HistoryMissSupersampleCount,4,Scalability
r.VT.MaxAnisotropy,8,Scalability
r.Water.SingleLayer.VSMFiltering,1,Scalability
sg.AntiAliasingQuality,0,Scalability
sg.EffectsQuality,2,Scalability
sg.FoliageQuality,2,Scalability
sg.GlobalIlluminationQuality,2,Scalability
sg.PostProcessQuality,2,Scalability
sg.PresetSettings,1,Scalability
sg.ReflectionQuality,2,Scalability
sg.ResolutionQuality,100,Scalability
sg.ShadingQuality,2,Scalability
sg.ShadowQuality,2,Scalability
sg.TextureQuality,2,Scalability
sg.ViewDistanceQuality,2,Scalability
Vts.anim.OBAT.FarFrameOffset,30,Scalability
Vts.anim.OBAT.Level,2,Scalability
Vts.anim.OBAT.NearFrameOffset,5,Scalability
Vts.anim.OBAT.RadiusThreshold,0.08,Scalability
vts.ClothQuality,2,Scalability
vts.Lumen.Reflections.RaycastTranslucent,0,Scalability
vts.Lumen.ScreenProbeGather.RaycastTranslucent,0,Scalability
vts.SkyLight.CubemapResolution,512,Scalability
